pdb,chain_type,chain_id,IMGT,AA,atom_num,x,y,z,pred
4edw,H,H,25,VAL,1011,9.294,-11.476,-36.290,0.009999541565775871
4edw,H,H,26,SER,1018,12.006,-13.600,-38.105,0.010073511861264706
4edw,H,H,27,GLY,1024,12.275,-15.929,-41.183,0.27993208169937134
4edw,H,H,28,PHE,1028,10.463,-13.730,-43.752,0.6156717538833618
4edw,H,H,29,SER,1039,10.485,-10.124,-45.044,0.4827084541320801
4edw,H,H,30,LEU,1045,7.899,-7.633,-43.635,0.05352671444416046
4edw,H,H,35,ILE,1053,7.739,-6.072,-47.159,0.8372397422790527
4edw,H,H,36,GLY,1061,6.603,-9.280,-48.935,0.8879308104515076
4edw,H,H,37,TYR,1065,4.116,-10.535,-46.287,0.9201732873916626
4edw,H,H,38,ASP,1077,0.968,-9.257,-44.605,0.8897369503974915
4edw,H,H,39,LEU,1085,0.452,-9.111,-40.867,0.012812677770853043
4edw,H,H,40,ASN,1093,-2.927,-9.543,-39.154,0.07111407071352005
4edw,H,H,54,GLY,1213,-7.000,-5.466,-38.776,0.004221256356686354
4edw,H,H,55,ILE,1217,-4.334,-5.991,-41.481,0.5545055270195007
4edw,H,H,56,ILE,1225,-1.093,-4.368,-42.701,0.17688298225402832
4edw,H,H,57,TRP,1233,-0.482,-5.584,-46.300,0.9891930222511292
4edw,H,H,58,GLY,1247,2.996,-5.930,-47.833,0.9069039821624756
4edw,H,H,59,ASP,1251,2.795,-2.426,-49.435,0.9341411590576172
4edw,H,H,63,GLY,1259,2.121,-0.731,-46.055,0.15666504204273224
4edw,H,H,64,THR,1263,-1.676,-0.265,-46.580,0.7698260545730591
4edw,H,H,65,THR,1270,-4.019,-1.107,-43.734,0.26687780022621155
4edw,H,H,66,ASP,1277,-7.672,-2.110,-43.155,0.701363742351532
4edw,H,H,67,TYR,1285,-9.327,-2.371,-39.754,0.03178190812468529
4edw,H,H,103,TYR,1550,-2.461,-12.740,-31.657,0.002779646310955286
4edw,H,H,104,CYS,1562,-0.347,-11.526,-34.496,0.0027764602564275265
4edw,H,H,105,ALA,1568,-0.747,-13.795,-37.535,0.010924491100013256
4edw,H,H,106,ARG,1573,0.933,-13.607,-40.875,0.42911097407341003
4edw,H,H,107,GLY,1584,-1.122,-13.976,-43.982,0.5017968416213989
4edw,H,H,108,GLY,1588,-0.197,-16.396,-46.714,0.5156950950622559
4edw,H,H,109,TYR,1592,-1.357,-16.684,-50.314,0.9524720311164856
4edw,H,H,110,TRP,1604,-2.002,-19.441,-52.791,0.9524482488632202
4edw,H,H,111,TYR,1618,-1.982,-17.176,-55.911,0.9725296497344971
4edw,H,H,111A,ALA,1630,-4.449,-14.242,-55.487,0.9439693093299866
4edw,H,H,112A,THR,1635,-7.033,-17.105,-55.216,0.7810710072517395
4edw,H,H,112,SER,1642,-6.678,-18.093,-51.563,0.615060031414032
4edw,H,H,113,TYR,1648,-5.604,-16.226,-48.439,0.7607467770576477
4edw,H,H,114,TYR,1660,-5.019,-17.718,-44.965,0.31789126992225647
4edw,H,H,115,PHE,1672,-3.320,-16.959,-41.577,0.0815165638923645
4edw,H,H,116,ASP,1683,-0.440,-19.455,-41.826,0.1417430341243744
4edw,H,H,117,TYR,1691,1.870,-18.416,-38.973,0.21007896959781647
4edw,H,H,118,TRP,1703,0.690,-17.261,-35.569,0.011569688096642494
4edw,H,H,119,GLY,1717,2.319,-15.908,-32.454,0.0027764602564275265
4edw,L,L,25,ALA,2668,-22.042,-18.714,-43.972,0.004382731858640909
4edw,L,L,26,SER,2673,-24.742,-15.960,-43.982,0.011551042087376118
4edw,L,L,27,GLN,2679,-23.994,-15.073,-47.665,0.15635979175567627
4edw,L,L,28,SER,2688,-22.156,-17.079,-50.366,0.15274003148078918
4edw,L,L,29,ILE,2694,-18.329,-17.076,-49.892,0.31748202443122864
4edw,L,L,36,SER,2702,-17.826,-19.554,-52.860,0.34956419467926025
4edw,L,L,37,ASN,2708,-14.647,-21.499,-51.839,0.33163708448410034
4edw,L,L,38,ASN,2716,-13.001,-18.767,-49.666,0.6749623417854309
4edw,L,L,39,LEU,2724,-13.121,-20.753,-46.384,0.0036521917209029198
4edw,L,L,40,ASN,2732,-10.228,-21.856,-44.109,0.01904403604567051
4edw,L,L,54,ILE,2850,-7.212,-26.380,-44.504,0.004875394515693188
4edw,L,L,55,TYR,2858,-7.436,-23.403,-46.829,0.5433692336082458
4edw,L,L,56,TYR,2870,-9.618,-22.725,-49.891,0.6565750241279602
4edw,L,L,57,THR,2882,-12.252,-25.188,-48.631,0.08168170601129532
4edw,L,L,65,SER,2889,-10.208,-28.458,-49.104,0.18986541032791138
4edw,L,L,66,ARG,2895,-6.496,-27.650,-49.538,0.5958565473556519
4edw,L,L,67,PHE,2906,-4.079,-29.110,-46.973,0.4550541341304779
4edw,L,L,103,TYR,3153,-12.767,-22.795,-36.220,0.00277838041074574
4edw,L,L,104,CYS,3165,-13.879,-22.121,-39.794,0.0028586385305970907
4edw,L,L,105,GLN,3171,-12.839,-18.764,-41.332,0.0055222841911017895
4edw,L,L,106,GLN,3180,-14.276,-16.775,-44.257,0.030114395543932915
4edw,L,L,107,GLU,3189,-11.770,-14.898,-46.516,0.9428489208221436
4edw,L,L,108,HIS,3198,-14.288,-13.862,-49.252,0.7888447046279907
4edw,L,L,109,THR,3208,-14.657,-10.234,-47.997,0.8363747596740723
4edw,L,L,114,LEU,3215,-13.393,-7.855,-45.327,0.9126678705215454
4edw,L,L,115,PRO,3223,-13.784,-8.117,-42.343,0.042529162019491196
4edw,L,L,116,TYR,3230,-12.503,-11.678,-41.940,0.8124282956123352
4edw,L,L,117,THR,3242,-14.895,-13.611,-39.653,0.0029035566840320826
4edw,L,L,118,PHE,3249,-14.576,-16.948,-37.805,0.004652461968362331
4edw,L,L,119,GLY,3260,-17.262,-19.383,-36.661,0.0027764602564275265
